{"SUB0": [0.5, -0.5, 91, 1, -7, 0.174, 0.126773],"SUB1": [2, 0.7, 34, 1, 10, 0.862, 0.296654],"SUB28": [0.5, -1, 90, 1, -26, 0.839, 0.141908],"SUB2": [8, 0.3, 53, 1, -31, 0.882, 0.15409],"SUB4": [2, 0.2, 90, 1, -32, 0.565, 0.160707],"SUB25": [2, 0.9, 42, 1, -8, 0.555, 0.112034],"SUB3": [4, 0.4, 24, 1, -3, 0.504, 0.171107],"SUB6": [2, 0.4, 40, 1, -18, 0.729, 0.172986],"SUB5": [0.5, 0.3, 81, 1, -31, 0.823, 0.135553],"SUB7": [4, 0.9, 24, 1, -12, 0.874, 0.142663],"SUB17": [4, 0.6, 23, 1, -8, 0.857, 0.0948609],"SUB23": [1, 0.7, 65, 1, -7, 0.707, 0.0816511],"SUB8": [8, 0.9, 28, 1, -9, 0.709, 0.120717],"SUB27": [4, 0.8, 12, 1, -4, 0.678, 0.0955085],"SUB9": [8, 0.8, 95, 1, -30, 0.891, 0.12122],"SUB10": [8, 1, 65, 1, -34, 0.864, 0.130848],"SUB12": [8, 0, 44, 1, -13, 0.485, 0.168487],"SUB11": [4, 0.6, 23, 1, -10, 0.626, 0.120097],"SUB13": [16, 0.2, 27, 1, -11, 0.595, 0.133075],"SUB29": [1, 0.6, 55, 1, 34, 0.514, 0.127071],"SUB15": [16, 0.1, 15, 1, -8, 0.865, 0.109181],"SUB16": [0.125, -1, 55, 1, 5, 0.439, 0.260949],"SUB18": [8, -0.1, 90, 1, 9, 0.209, 0.350785],"SUB19": [8, -0.1, 70, 1, -8, 0.671, 0.0785861],"SUB26": [16, 0.1, 96, 1, -5, 0.539, 0.110444],"SUB21": [2, 0.5, 34, 1, -7, 0.784, 0.143809],"SUB22": [0.25, -0.4, 98, 1, -12, 0.627, 0.141028],"SUB24": [8, 0.6, 60, 1, -20, 0.686, 0.134953],"SUB31": [2, 0.5, 37, 1, -11, 0.44, 0.129074],"SUB30": [0.125, -1, 28, 1, -2, 0.891, 0.11899],"SUB32": [2, 0.7, 73, 1, 6, 0.746, 0.0967731]}
