{"SUB0": [0.125, -1, 51, 1, -1, 0.31, 0.122713],"SUB1": [0.125, -1, 61, 1, 1, 0.639, 0.178318],"SUB28": [8, 0.8, 12, 1, -6, 0.704, 0.125266],"SUB2": [4, 1, 52, 1, -41, 0.78, 0.150608],"SUB4": [2, 0.5, 27, 1, -6, 0.415, 0.167601],"SUB25": [2, 1, 85, 1, -15, 0.366, 0.144292],"SUB3": [4, 0.7, 46, 1, -5, 0.723, 0.175371],"SUB6": [8, 0.7, 30, 1, -8, 0.636, 0.114153],"SUB5": [8, 0.4, 29, 1, -12, 0.564, 0.152582],"SUB7": [8, 0.7, 19, 1, -8, 0.87, 0.240633],"SUB17": [2, 0.7, 18, 1, -6, 0.955, 0.0616681],"SUB23": [0.125, -1, 37, 1, -5, 0.833, 0.129136],"SUB8": [4, 0.6, 45, 1, -6, 0.646, 0.124307],"SUB27": [8, 0, 25, 1, 3, 0.556, 0.0963013],"SUB9": [8, 0.8, 29, 1, -4, 0.575, 0.153547],"SUB10": [4, 0.5, 23, 1, -1, 0.671, 0.130429],"SUB12": [4, -1, 85, 1, -15, 0.468, 0.118299],"SUB11": [2, 0.8, 36, 1, -14, 0.58, 0.169563],"SUB13": [0.25, -1, 64, 1, -49, 0.98, 0.151841],"SUB29": [0.125, 0.7, 27, 1, -1, 0.845, 0.12943],"SUB15": [16, 0.2, 43, 1, -42, 0.964, 0.0961595],"SUB16": [4, 0.6, 57, 1, -15, 0.889, 0.229029],"SUB18": [0.125, -1, 8, 1, 1, 0.624, 0.382453],"SUB19": [0.125, -1, 36, 1, -1, 0.29, 0.101736],"SUB26": [8, 0.3, 26, 1, 6, 0.748, 0.133875],"SUB21": [1, 0.7, 18, 1, -3, 0.586, 0.107164],"SUB22": [2, 1, 61, 1, -34, 0.825, 0.136169],"SUB24": [0.125, -1, 30, 1, -6, 0.508, 0.137394],"SUB31": [16, 0.9, 45, 1, -11, 0.731, 0.10905],"SUB30": [16, 0.2, 27, 1, -5, 0.559, 0.137142],"SUB32": [0.125, -1, 31, 1, -5, 0.842, 0.135882]}
