{"SUB0": [8, 0, 68, 20, 101, 1, -5.34, 0.18, 0.12307],"SUB1": [4, 0.4, 26, 27, 83, 1, 9, 0.8968, 0.290118],"SUB4": [0.125, -1.1, 98, 57, 45, 1, -27, 0.5574, 0.160707],"SUB28": [1, 0.1, 11, 27, 21, 1, -6.75, 0.84, 0.131775],"SUB2": [2, 0.9, 76, 44, 89, 1, -53.22, 0.7291, 0.153935],"SUB6": [1, 0.7, 29, 80, 12, 1, -14.11, 0.6699, 0.167695],"SUB25": [2, 0.5, 14, 49, 28, 1, -4.28, 0.5955, 0.112034],"SUB3": [4, 0.5, 91, 8, 13, 1, -2.03, 0.5076, 0.158398],"SUB5": [0.125, -1.1, 87, 40, 34, 1, -29.29, 0.83, 0.135553],"SUB23": [0.125, -1.1, 37, 36, 91, 1, -1.63, 0.7016, 0.080659],"SUB17": [0.125, -1.1, 18, 66, 19, 1, -10.15, 0.8439, 0.100709],"SUB7": [4, 0.3, 24, 44, 67, 1, -5.69, 0.8422, 0.14154],"SUB27": [0.125, -0.3, 71, 44, 11, 1, -4.72, 0.6477, 0.0949024],"SUB8": [2, 0.9, 28, 51, 9, 1, -4.04, 0.7258, 0.120717],"SUB9": [16, 0.6, 71, 100, 76, 1, -13.18, 0.9153, 0.12122],"SUB12": [0.125, -1.1, 76, 39, 100, 1, -22.13, 0.2323, 0.165686],"SUB10": [8, 1, 25, 58, 68, 1, -40.16, 0.8674, 0.130848],"SUB11": [4, 0.6, 20, 28, 28, 1, -12.15, 0.625, 0.120097],"SUB29": [2, 0.7, 11, 98, 51, 1, 32, 0.5401, 0.118659],"SUB13": [0.125, -1.1, 86, 21, 51, 1, -28.02, 0.6966, 0.121404],"SUB15": [0.125, -1.1, 52, 11, 16, 1, -9.57, 0.8997, 0.109181],"SUB18": [0.125, -1.1, 41, 21, 35, 1, 5, 0.1948, 0.350785],"SUB16": [0.125, -1.1, 52, 35, 61, 1, 5.1, 0.4123, 0.254413],"SUB26": [2, 0.3, 55, 62, 83, 1, -4.65, 0.5296, 0.110444],"SUB19": [0.125, -1.1, 55, 37, 41, 1, -8.09, 0.7153, 0.0785861],"SUB21": [2, 0.3, 65, 47, 95, 1, -9.02, 0.7496, 0.138254],"SUB22": [0.125, -1.1, 61, 41, 44, 1, -7.1, 0.6322, 0.141028],"SUB24": [4, 1, 16, 65, 61, 1, -39.34, 0.67, 0.130308],"SUB31": [0.125, -1.1, 33, 32, 8, 1, -5.03, 0.3987, 0.12463],"SUB30": [4, 0.7, 16, 13, 91, 1, -3.25, 0.7508, 0.114546],"SUB32": [0.125, -1.1, 71, 31, 81, 1, -1.74, 0.7394, 0.0912175]}
