{"SUB0": [0.125, -1.1, 31, 51, 25, 1, -0.76, 0.3092, 0.122713],"SUB1": [0.125, -1.1, 61, 41, 16, 1, 0.17, 0.6389, 0.178318],"SUB4": [1, 0.9, 37, 8, 29, 1, -9.21, 0.4296, 0.166719],"SUB28": [1, 0.5, 76, 71, 11, 1, -6.36, 0.8767, 0.114788],"SUB2": [2, 0.9, 8, 55, 22, 1, -16.31, 0.7928, 0.140946],"SUB6": [4, 0.6, 19, 91, 28, 1, -8.17, 0.6364, 0.114153],"SUB25": [1, 0.9, 20, 94, 28, 1, -7.21, 0.3486, 0.138737],"SUB3": [4, 0.6, 31, 59, 46, 1, -4.6, 0.7249, 0.175371],"SUB5": [8, 0.3, 76, 10, 91, 1, -3.06, 0.4509, 0.151459],"SUB23": [0.125, -1.1, 63, 33, 28, 1, -2.13, 0.4617, 0.124221],"SUB17": [0.25, -1.1, 16, 35, 17, 1, -6.01, 0.9595, 0.0616681],"SUB7": [8, 0.6, 10, 33, 18, 1, -7.01, 0.876, 0.240633],"SUB27": [16, 0.1, 20, 17, 41, 1, 4, 0.45, 0.0912304],"SUB8": [16, 0.1, 84, 44, 71, 1, -8.08, 0.6452, 0.123513],"SUB9": [8, 1, 11, 21, 40, 1, -8.11, 0.5865, 0.147654],"SUB12": [0.125, -1.1, 79, 13, 87, 1, -27.23, 0.4691, 0.109752],"SUB10": [4, 0.9, 11, 63, 32, 1, -4.01, 0.8137, 0.129545],"SUB11": [4, 0.6, 25, 19, 19, 1, -9.16, 0.71, 0.164635],"SUB29": [8, 0.7, 3, 33, 9, 1, -1.6, 0.8619, 0.124985],"SUB13": [0.125, -1.1, 40, 8, 30, 1, -32.06, 0.9902, 0.151841],"SUB15": [4, 0.4, 88, 17, 11, 1, -32.39, 0.9468, 0.0961595],"SUB18": [0.125, -1.1, 25, 11, 18, 1, 11.3, 0.28, 0.378849],"SUB16": [0.125, -1.1, 70, 35, 46, 1, 5.9, 0.7239, 0.225325],"SUB26": [2, 0.3, 18, 10, 41, 1, 3.05, 0.809, 0.127339],"SUB19": [4, 0.8, 96, 10, 55, 1, -22.18, 0.7797, 0.0925393],"SUB21": [2, 0.3, 8, 15, 16, 1, -2.03, 0.62, 0.0979043],"SUB22": [0.125, -0.3, 77, 91, 29, 1, -18.04, 0.8424, 0.1264],"SUB24": [0.125, -1.1, 17, 26, 28, 1, -5, 0.5211, 0.132103],"SUB31": [16, 1, 21, 36, 60, 1, -32.18, 0.7972, 0.102754],"SUB30": [4, 0.5, 23, 25, 91, 1, -16.06, 0.4955, 0.136125],"SUB32": [0.125, -1.1, 8, 31, 21, 1, -2.14, 0.8, 0.131253]}
